<?xml version="1.0" encoding="UTF-8" standalone="yes"?>
<addon id="repository.Flixzilla" name="Flixzilla Repository" provider-name="Flixzilla" version="1.0">
	<extension point="xbmc.addon.repository" name="Flixzilla Repository">
		<requires>
			<import addon="xbmc.addon" version="12.0.0"/>
		</requires>
		<dir minversion="20.0.0" maxversion="20.9.0">
			<info compressed="false">https://raw.githubusercontent.com/Dreachu/repository.flixzilla/refs/heads/main/nexus/addons.xml</info>
			<datadir zip="true">https://raw.githubusercontent.com/Dreachu/repository.flixzilla/refs/heads/main/nexus/</datadir>
		</dir>
		<dir minversion="20.9.1">
			<info compressed="false">https://raw.githubusercontent.com/Dreachu/repository.flixzilla/refs/heads/main/omega/addons.xml</info>
			<datadir zip="true">https://raw.githubusercontent.com/Dreachu/repository.flixzilla/refs/heads/main/omega/</datadir>
		</dir>
	</extension>
	<extension point="xbmc.addon.metadata">
		<summary lang="en">Flixzilla Repository</summary>
        <description lang="en">A repository for Flixzilla.</description>
        <disclaimer></disclaimer>
        <platform>all</platform>
        <assets>
            <icon>icon.png</icon>
            <fanart>fanart.jpg</fanart>
        </assets>
	</extension>
</addon>